{
  "current-scene": "25075cb0-5bb8-48ea-9524-3ef241036f67",
  "gizmos-infos": {
    "iconGizmoSize": 1,
    "isGridVisible": true,
    "isIconGizmo3D": false
  },
  "camera-infos": {
    "25075cb0-5bb8-48ea-9524-3ef241036f67": {
      "position": {
        "x": 320,
        "y": 480,
        "z": 1338.4940463814721
      },
      "rotation": {
        "w": 1,
        "x": 0,
        "y": 0,
        "z": 0
      },
      "viewCenter": {
        "x": 320,
        "y": 480,
        "z": 1
      }
    },
    "f46876e4-e81b-4931-b493-6d367be385e7": {
      "position": {
        "x": -0.20707050130554297,
        "y": 20.42532693609349,
        "z": 34.839483378394064
      },
      "rotation": {
        "w": 0.9678394119333845,
        "x": -0.2504512872881209,
        "y": -0.02293065320301046,
        "z": -0.005933847642739653
      },
      "viewCenter": {
        "x": 0,
        "y": 18,
        "z": 30.472
      }
    }
  },
  "camera-uuids": [
    "25075cb0-5bb8-48ea-9524-3ef241036f67"
  ]
}
